id, blog, url, timestamp, date, notes, type, slug, tags
80310590346, sciencefictionbaby, http://sciencefictionbaby.tumblr.com/post/80310590346/im-curious-what-would-an-anna-party-consist-of, 1395449247, 2014-03-22 00:47:27 GMT, 2, photo, im-curious-what-would-an-anna-party-consist-of, ferretrade, annathecrow, 
79603867328, tedkordisanasshole, http://tedkordisanasshole.tumblr.com/post/79603867328/crowie-its-really-annoying-because-the-book, 1394843966, 2014-03-15 00:39:26 GMT, 0, text, crowie-its-really-annoying-because-the-book, annathecrow, 
78028304581, sciencefictionbaby, http://sciencefictionbaby.tumblr.com/post/78028304581/annathecrow-said-the-optimist-in-me-wants-to, 1393529009, 2014-02-27 19:23:29 GMT, 1, text, annathecrow-said-the-optimist-in-me-wants-to, annathecrow, 
76346100570, thisisevenharderthannamingablog, http://thisisevenharderthannamingablog.tumblr.com/post/76346100570/annathecrow-reblogged-your-photo-and-added-did, 1392147323, 2014-02-11 19:35:23 GMT, 0, text, annathecrow-reblogged-your-photo-and-added-did, annathecrow, 
75907094920, wasureneba, http://wasureneba.tumblr.com/post/75907094920/annathecrow-replied-to-your-post-one-of-my, 1391792263, 2014-02-07 16:57:43 GMT, 0, text, annathecrow-replied-to-your-post-one-of-my, annathecrow, replies, 
75815511185, thisisevenharderthannamingablog, http://thisisevenharderthannamingablog.tumblr.com/post/75815511185/annathecrow-reblogged-your-post-and-so-they-burnt, 1391713379, 2014-02-06 19:02:59 GMT, 1, text, annathecrow-reblogged-your-post-and-so-they-burnt, annathecrow, book research is fun, 
75604038600, grumpyfox, http://grumpyfox.tumblr.com/post/75604038600/annathecrow-replied-to-your-post-not-that-i-dont, 1391538721, 2014-02-04 18:32:01 GMT, 2, text, annathecrow-replied-to-your-post-not-that-i-dont, ANNATHECROW, TEDKORDISANASSHOLE, GRUMPY LIVEBLOGS NIGHTRUNNERS, 
75389846868, grumpyfox, http://grumpyfox.tumblr.com/post/75389846868/books-that-have-stayed-with-me, 1391366940, 2014-02-02 18:49:00 GMT, 8, text, books-that-have-stayed-with-me, annathecrow, sindoree, silarcta, hannie3000, tankefunken, I don't know whoever following me who hasn't done this yet!, mesitka, blizzy, I don't knowwww, 
75305979053, tedkordisanasshole, http://tedkordisanasshole.tumblr.com/post/75305979053/books-that-have-stayed-with-me, 1391299246, 2014-02-02 00:00:46 GMT, 2, text, books-that-have-stayed-with-me, annathecrow, NO WAIT I WANT TO SEE DAY'S LIST, pluots-in-april, DO IT, 
75213135410, sendmedaughters, http://sendmedaughters.tumblr.com/post/75213135410/books-that-have-stayed-with-me, 1391223716, 2014-02-01 03:01:56 GMT, 1, text, books-that-have-stayed-with-me, walkingentityofsnark, annathecrow, foralifeworthhaving, samtaztic, droo216, hoganmclaughlin, whatwouldkhaleesiwear, i don't have enough friends on here for 10?, books, me myself and i, 
75202522116, tedkordisanasshole, http://tedkordisanasshole.tumblr.com/post/75202522116/annathecrow-replied-to-your-post-maximustrashagon, 1391216360, 2014-02-01 00:59:20 GMT, 0, text, annathecrow-replied-to-your-post-maximustrashagon, annathecrow, 
75178700519, tedkordisanasshole, http://tedkordisanasshole.tumblr.com/post/75178700519/maximustrashagon-replied-to-your-post-youngjustus, 1391201083, 2014-01-31 20:44:43 GMT, 2, text, maximustrashagon-replied-to-your-post-youngjustus, maximustrashagon, annathecrow, 
74781930415, ednapontellier, http://ednapontellier.tumblr.com/post/74781930415/thank-you-i-called-my-insurance-and-they-sent-a, 1390872239, 2014-01-28 01:23:59 GMT, 0, text, thank-you-i-called-my-insurance-and-they-sent-a, annathecrow, personal, 
74625664540, tedkordisanasshole, http://tedkordisanasshole.tumblr.com/post/74625664540/annathecrow-replied-to-your-post-pluots-in-april, 1390759377, 2014-01-26 18:02:57 GMT, 0, text, annathecrow-replied-to-your-post-pluots-in-april, annathecrow, IT ACTUALY MAKESS HIM INTO A BETTER PERSON, 
74625308744, tedkordisanasshole, http://tedkordisanasshole.tumblr.com/post/74625308744/annathecrow-replied-to-your-post-eda1102-replied, 1390759180, 2014-01-26 17:59:40 GMT, 0, text, annathecrow-replied-to-your-post-eda1102-replied, annathecrow, bloody mary 23, 
74098284672, tedkordisanasshole, http://tedkordisanasshole.tumblr.com/post/74098284672/annathecrow-replied-to-your-post-see-the-reason, 1390340879, 2014-01-21 21:47:59 GMT, 1, text, annathecrow-replied-to-your-post-see-the-reason, annathecrow, 
72957637329, destinationtoast, http://destinationtoast.tumblr.com/post/72957637329/debugging-tumblr-api-again, 1389428473, 2014-01-11 08:21:13 GMT, 5, text, debugging-tumblr-api-again, my stuff, annathecrow, tumblr api, tumblr, missing posts, debugging, argh tumblr, how am I supposed to do, fandom stats, on you, ??, 
71842651834, grumpyfox, http://grumpyfox.tumblr.com/post/71842651834/2013-meme-may-i-6-15-and-31-35-pick-which-you-like, 1388581440, 2014-01-01 13:04:00 GMT, 2, answer, 2013-meme-may-i-6-15-and-31-35-pick-which-you-like, annathecrow, fox facts, 2013, life lessons, silarcta, sindoree, 
71793964193, tedkordisanasshole, http://tedkordisanasshole.tumblr.com/post/71793964193/annathecrow-replied-to-your-photo-new-years, 1388533129, 2013-12-31 23:38:49 GMT, 1, text, annathecrow-replied-to-your-photo-new-years, annathecrow, 
71686444898, tedkordisanasshole, http://tedkordisanasshole.tumblr.com/post/71686444898/annathecrow-replied-to-your-post-annathecrow, 1388447483, 2013-12-30 23:51:23 GMT, 0, text, annathecrow-replied-to-your-post-annathecrow, annathecrow, 
71679260459, tedkordisanasshole, http://tedkordisanasshole.tumblr.com/post/71679260459/annathecrow-replied-to-your-post-i-think-my, 1388443193, 2013-12-30 22:39:53 GMT, 1, text, annathecrow-replied-to-your-post-i-think-my, annathecrow, thero is one of my faves can you tell, REMEMBER WHEN I HATED THERO, YEAH GOOD TIMES, 
71147949777, mirabel-chan, http://mirabel-chan.tumblr.com/post/71147949777/anya-corazon-for-annathecrow-ill-very-very, 1388015574, 2013-12-25 23:52:54 GMT, 21, photo, anya-corazon-for-annathecrow-ill-very-very, anya corazon, spidergirl, spider girl, my fanart, annathecrow, 
70728761517, tedkordisanasshole, http://tedkordisanasshole.tumblr.com/post/70728761517/annathecrow-replied-to-your-post-hey-does-anyone, 1387668731, 2013-12-21 23:32:11 GMT, 0, text, annathecrow-replied-to-your-post-hey-does-anyone, annathecrow, 
70410620475, destinationtoast, http://destinationtoast.tumblr.com/post/70410620475/replies-more-annathecrow-answered-to-your, 1387394621, 2013-12-18 19:23:41 GMT, 1, text, replies-more-annathecrow-answered-to-your, annathecrow, biblioaesthetica, buneesi, anonsally, replies, lovely readers, 
69636842548, ednapontellier, http://ednapontellier.tumblr.com/post/69636842548/annathecrow-said-oh-my-glob-where-do-these-dicks, 1386720571, 2013-12-11 00:09:31 GMT, 1, text, annathecrow-said-oh-my-glob-where-do-these-dicks, annathecrow, personal, 
68682449196, tedkordisanasshole, http://tedkordisanasshole.tumblr.com/post/68682449196/as-a-new-reader-this-whole-scene-makes-zero, 1385917772, 2013-12-01 17:09:32 GMT, 1, text, as-a-new-reader-this-whole-scene-makes-zero, annathecrow, 
63747326012, destinationtoast, http://destinationtoast.tumblr.com/post/63747326012/replies-more-annathecrow-reblogged-your, 1381515652, 2013-10-11 18:20:52 GMT, 3, text, replies-more-annathecrow-reblogged-your, annathecrow, lovely readers, jmathieson-fic, methleigh, jmathieson fic, replies, 
62923004783, tedkordisanasshole, http://tedkordisanasshole.tumblr.com/post/62923004783/annathecrow-replied-to-your-post-the-whole, 1380743250, 2013-10-02 19:47:30 GMT, 0, text, annathecrow-replied-to-your-post-the-whole, annathecrow, 
62643197261, destinationtoast, http://destinationtoast.tumblr.com/post/62643197261/replies-including-more-thoughts-on-popularity, 1380481836, 2013-09-29 19:10:36 GMT, 1, text, replies-including-more-thoughts-on-popularity, thatworldinverted, replies, annathecrow, another-order, anonsally, 
62512010752, thisisevenharderthannamingablog, http://thisisevenharderthannamingablog.tumblr.com/post/62512010752/annathecrow-reblogged-your-link-and-added-well, 1380380176, 2013-09-28 14:56:16 GMT, 1, text, annathecrow-reblogged-your-link-and-added-well, annathecrow, B writes, 
55202265278, officialstag, http://officialstag.tumblr.com/post/55202265278/hi-im-crow-anna-the-crow-or-annathecrow-almost, 1373578287, 2013-07-11 21:31:27 GMT, 0, photo, hi-im-crow-anna-the-crow-or-annathecrow-almost, introductory post, submission, annathecrow, 
53294021460, tedkordisanasshole, http://tedkordisanasshole.tumblr.com/post/53294021460/annathecrow-replied-to-your-post-also-im-really, 1371581516, 2013-06-18 18:51:56 GMT, 0, text, annathecrow-replied-to-your-post-also-im-really, annathecrow, UGH, 
53055070196, tedkordisanasshole, http://tedkordisanasshole.tumblr.com/post/53055070196/annathecrow-replied-to-your-post-so-basicaly, 1371335169, 2013-06-15 22:26:09 GMT, 0, text, annathecrow-replied-to-your-post-so-basicaly, annathecrow, 
52953139460, tedkordisanasshole, http://tedkordisanasshole.tumblr.com/post/52953139460/and-look-what-arrived-my-own-little-boostle-book, 1371226380, 2013-06-14 16:13:00 GMT, 7, photo, and-look-what-arrived-my-own-little-boostle-book, THE ANSWER IS YES, ANNATHECROW, THANK YOOOOOOU, OTP: MY BEST FRIEND, 
51671285416, tedkordisanasshole, http://tedkordisanasshole.tumblr.com/post/51671285416/annathecrow-replied-to-your-post-heh-i-dont, 1369864303, 2013-05-29 21:51:43 GMT, 1, text, annathecrow-replied-to-your-post-heh-i-dont, annathecrow, 
51486160613, mesitka, http://mesitka.tumblr.com/post/51486160613/moodymarshmallow-replied-your-post-i-did-it, 1369675770, 2013-05-27 17:29:30 GMT, 3, text, moodymarshmallow-replied-your-post-i-did-it, moodymarshmallow, stridersnakedtuesdays, annathecrow, xkalisto, lovelyball, niam-chan, rosemaryboobs, davekathugs, replies, blurbs, okay this is the last spam about this, 
49286027587, tedkordisanasshole, http://tedkordisanasshole.tumblr.com/post/49286027587/pluots-in-april-replied-to-your-post-okay-one, 1367352170, 2013-04-30 20:02:50 GMT, 2, text, pluots-in-april-replied-to-your-post-okay-one, pluots-in-april, annathecrow, reply, 
48796642430, mesitka, http://mesitka.tumblr.com/post/48796642430/more-tedkordisanasshole-replied-to-your-post, 1366836331, 2013-04-24 20:45:31 GMT, 4, text, more-tedkordisanasshole-replied-to-your-post, tedkordisanasshole, annathecrow, cancer, blurbs, replies, 
42949873870, tedkordisanasshole, http://tedkordisanasshole.tumblr.com/post/42949873870/yurblecryingalonewithcomicbooks-replied-to-your, 1360706502, 2013-02-12 22:01:42 GMT, 2, text, yurblecryingalonewithcomicbooks-replied-to-your, reply, yurblecryingalonewithcomicbooks, annathecrow, 
39137089656, tedkordisanasshole, http://tedkordisanasshole.tumblr.com/post/39137089656/annathecrow-replied-to-your-post-oh-great-now-i, 1356802387, 2012-12-29 17:33:07 GMT, 1, text, annathecrow-replied-to-your-post-oh-great-now-i, annathecrow, reply, 
38940109413, grumpyfox, http://grumpyfox.tumblr.com/post/38940109413/one-tali-doing-something-badass-for-my-most, 1356600360, 2012-12-27 09:26:00 GMT, 6, photo, one-tali-doing-something-badass-for-my-most, Mass Effect, Tali, Tali'Zorah, annathecrow, pencil, water-soluble pencils, let me art for you, grumpy draws, 
38305881004, grumpyfox, http://grumpyfox.tumblr.com/post/38305881004/dear-parkour-artists, 1355930435, 2012-12-19 15:20:35 GMT, 3, text, dear-parkour-artists, annathecrow, let me art for you, grumpy is behind the schedule something awful again, and by 'again' I do mean 'as always', parkour, parkour is a gold mine for pose references, 
38257484485, tedkordisanasshole, http://tedkordisanasshole.tumblr.com/post/38257484485/annathecrow-replied-to-your-post-i-really-need-to, 1355871907, 2012-12-18 23:05:07 GMT, 0, text, annathecrow-replied-to-your-post-i-really-need-to, annathecrow, reply, 
37927555350, grumpyfox, http://grumpyfox.tumblr.com/post/37927555350/gemini-sign-thing-are-you-good-at-coding-pisces, 1355518680, 2012-12-14 20:58:00 GMT, 0, answer, gemini-sign-thing-are-you-good-at-coding-pisces, annathecrow, fox facts, 
37924120997, grumpyfox, http://grumpyfox.tumblr.com/post/37924120997/okay-this-is-the-bit-where-i-belatedly-admit-to, 1355515500, 2012-12-14 20:05:00 GMT, 2, text, okay-this-is-the-bit-where-i-belatedly-admit-to, fox fails, mesitka, annathecrow, 
36660969505, grumpyfox, http://grumpyfox.tumblr.com/post/36660969505/annathecrow-replied-to-your-post-decembers-about, 1354017770, 2012-11-27 12:02:50 GMT, 1, text, annathecrow-replied-to-your-post-decembers-about, let me art for you, annathecrow, 
33888233382, grumpyfox, http://grumpyfox.tumblr.com/post/33888233382/proper-armor-this-seriously-this, 1350645027, 2012-10-19 11:10:27 GMT, 1, text, proper-armor-this-seriously-this, what she said, annathecrow, couldn't have said it better myself, 
33730081849, tedkordisanasshole, http://tedkordisanasshole.tumblr.com/post/33730081849/nine-eleven, 1350424305, 2012-10-16 21:51:45 GMT, 1, answer, nine-eleven, annathecrow, ask, 
31529805051, tedkordisanasshole, http://tedkordisanasshole.tumblr.com/post/31529805051/annathecrow-replied-to-your-post-im-back-and-im, 1347643989, 2012-09-14 17:33:09 GMT, 0, text, annathecrow-replied-to-your-post-im-back-and-im, reply, annathecrow, 
31358356324, tedkordisanasshole, http://tedkordisanasshole.tumblr.com/post/31358356324/annathecrow-replied-to-your-post-having-to-write, 1347401477, 2012-09-11 22:11:17 GMT, 1, text, annathecrow-replied-to-your-post-having-to-write, reply, annathecrow, personal, 
31015556545, tedkordisanasshole, http://tedkordisanasshole.tumblr.com/post/31015556545/lovegood-and-boswell-replied-to-your-photo-i-was, 1346968369, 2012-09-06 21:52:49 GMT, 0, text, lovegood-and-boswell-replied-to-your-photo-i-was, lovegood-and-boswell, killuazoldicks, fairyhobbit, annathecrow, reply, 
